Title,Subtitle,Time
Cyclo-cross - Epreuve messieurs,5e manche,14:00
Cyclo-cross - Trophée des AP Assurances 2020/2021,Cyclisme,15:15
Cyclo-cross - Epreuve messieurs,3e manche,16:00
Amando a Maradona,Doc Sport,17:00
Snooker - Neil Robertson / Judd Trump,Finale,18:30
Eurosport News,Autre Sport,20:05
Cyclo-cross - Epreuve dames,5e manche,20:10
Cyclo-cross - Epreuve messieurs,5e manche,20:55
Eurosport News,Autre Sport,21:55
Ski - 1re manche,Slalom messieurs,22:00
Ski - 2e manche,Slalom messieurs,22:45
Ski freestyle - Ski Cross dames et messieurs,Sport D'hiver,23:30
Superbike - Rétrospective de la saison,Auto-Moto,00:00
